{
	"credit": "Made with Blockbench",
	"texture_size": [128, 128],
	"textures": {
		"0": "make sure to replace this file",
		"particle": "make sure to replace this file"
	},
	"elements": [
		{
			"from": [-2, 9.25, -2],
			"to": [18, 13.25, 18],
			"rotation": {"angle": 0, "axis": "y", "origin": [14, 9.25, 3]},
			"faces": {
				"north": {"uv": [2.5, 2.5, 5, 3], "texture": "#0"},
				"east": {"uv": [0, 2.5, 2.5, 3], "texture": "#0"},
				"south": {"uv": [7.5, 2.5, 10, 3], "texture": "#0"},
				"west": {"uv": [5, 2.5, 7.5, 3], "texture": "#0"},
				"up": {"uv": [5, 2.5, 2.5, 0], "texture": "#0"},
				"down": {"uv": [7.5, 0, 5, 2.5], "texture": "#0"}
			}
		},
		{
			"from": [3, 13.25, 3],
			"to": [13, 17.25, 13],
			"rotation": {"angle": 0, "axis": "y", "origin": [19, 13.25, 8]},
			"faces": {
				"north": {"uv": [1.25, 4.25, 2.5, 4.75], "texture": "#0"},
				"east": {"uv": [0, 4.25, 1.25, 4.75], "texture": "#0"},
				"south": {"uv": [3.75, 4.25, 5, 4.75], "texture": "#0"},
				"west": {"uv": [2.5, 4.25, 3.75, 4.75], "texture": "#0"},
				"up": {"uv": [2.5, 4.25, 1.25, 3], "texture": "#0"},
				"down": {"uv": [3.75, 3, 2.5, 4.25], "texture": "#0"}
			}
		},
		{
			"from": [3.1, 7.85, 3.5],
			"to": [12.75, 9.25, 12.65],
			"rotation": {"angle": 0, "axis": "y", "origin": [13.8, 8.05, 3.2]},
			"faces": {
				"north": {"uv": [4.75, 4, 5.875, 4.125], "texture": "#0"},
				"east": {"uv": [3.75, 4, 4.75, 4.125], "texture": "#0"},
				"south": {"uv": [6.875, 4, 8, 4.125], "texture": "#0"},
				"west": {"uv": [5.875, 4, 6.875, 4.125], "texture": "#0"},
				"up": {"uv": [5.875, 4, 4.75, 3], "texture": "#0"},
				"down": {"uv": [7, 3, 5.875, 4], "texture": "#0"}
			}
		}
	],
	"display": {
		"firstperson_righthand": {
			"scale": [0.5, 0.5, 0.5]
		},
		"firstperson_lefthand": {
			"scale": [0.5, 0.5, 0.5]
		},
		"gui": {
			"translation": [0, -4, 0],
			"scale": [0.75, 0.75, 0.74]
		},
		"head": {
			"rotation": [11, 0, 0],
			"translation": [0, 1.5, 0],
			"scale": [1.6, 1.6, 1.6]
		},
		"fixed": {
			"rotation": [-90, 0, 0]
		}
	}
}